{"pattern":[{"note":0,"time":0.0},{"note":1,"time":0.4638667106628418},{"note":0,"time":0.9861817359924316}]}